Model,Time Taken
STT,0.29416095800115727
STT,0.33453854100662284
STT,0.30573495899443515
STT,0.3606347079912666
STT,0.34632912499364465
STT,0.312922790995799
STT,0.3393544160062447
STT,0.3358052090043202
STT,0.3145822089863941
