Model,Time Taken
STT,0.7551609749971249
STT,7.647881161999976
STT,6.1385883999973885
