Model,Time Taken
STT,0.7833384149998892
STT,0.5539630830003262
STT,0.5291815550003776
STT,0.5265603180000653
STT,0.5511233619999985
STT,0.5536790699998164
STT,0.6559244039999612
STT,0.5583505300000979
STT,0.5276280989996849
STT,0.5692579639999167
STT,0.5570922150000115
STT,0.5342677110002114
STT,0.5353988560000289
STT,0.5469842679999601
STT,0.5946805990001849
STT,0.5316246590000446
